Periodo,CONS,CONS_BYS_NAC,CONS_BIE_NAC,CONS_SERV_NAC,CONS_M,ISBS_MAY,ISBS_MEN,IIT_SERV_TOT,IIT_SERV_TRANSP,IIT_SERV_MED_MAS,IIT_SERV_INMOB,IIT_SERV_PROF,IIT_SERV_APOY,IIT_SERV_EDUC,IIT_SERV_SALUD,IIT_SERV_CULT,IIT_SERV_ALOJ,PROD_VEH_TOT,PROD_AUT,PROD_CAM,VENTA_AUTOS,M_BC_TOT,M_BC_NO_PETR,ANTAD,GASOLINAS
2001/01,78.96146927,81.86313284,89.80271346,74.07497705,54.11955765,,,,,,,,,,,,,158515,109865,48650,57721,1602.21752,1379.002113,56.92836693,538.6802098
2001/02,79.12474089,81.76321475,89.30669227,74.22967253,54.2879284,,,,,,,,,,,,,147414,102438,44976,56082,1536.759203,1421.432361,47.96303601,541.641594
2001/03,79.43895434,82.03186083,89.43048519,74.52855142,55.49147389,,,,,,,,,,,,,166713,114880,51833,55398,1700.878585,1449.563601,52.30834459,553.5207025
2001/04,79.2448994,82.24683687,89.85453084,74.37115949,51.5664423,,,,,,,,,,,,,144761,95326,49435,41801,1610.987257,1334.462901,55.27700867,535.7059472
2001/05,79.22847956,82.14811454,89.72039381,74.3777441,53.32910322,,,,,,,,,,,,,162290,104885,57405,47976,1723.929257,1386.589398,56.36298509,562.6245855
2001/06,80.59182044,83.31124524,91.77579782,74.64721018,55.36529026,,,,,,,,,,,,,163618,105579,58039,50977,1603.941138,1429.491238,55.16985237,557.2329168
2001/07,79.39050378,82.24477905,89.53572627,74.75066658,53.17123318,,,,,,,,,,,,,132450,86064,46386,54468,1552.347911,1435.146622,64.20122914,543.749784
2001/08,80.00518722,82.77417981,90.69169454,74.73521824,55.68347647,,,,,,,,,,,,,155249,100271,54978,61274,1684.67942,1488.637313,57.22730792,557.7528086
2001/09,80.31351938,82.96645055,91.31188544,74.45736848,55.2770143,,,,,,,,,,,,,156837,100340,56497,50387,1719.766942,1518.369027,56.19780802,524.2569322
2001/10,79.99403401,82.83050933,91.16469853,74.2781319,55.41866692,,,,,,,,,,,,,175165,107390,67775,52460,1702.938872,1492.147227,54.41397949,562.5096581
2001/11,80.1333001,82.75329333,91.12482028,74.27633574,56.76793097,,,,,,,,,,,,,165804,103733,62071,59862,1618.762667,1496.677189,56.36025767,559.7483791
2001/12,80.50246285,82.91120527,91.27302487,74.29610969,58.15867681,,,,,,,,,,,,,117978,78223,39755,78535,1610.145947,1530.586899,88.83828412,583.4856961
2002/01,79.6396687,82.63819793,91.06890154,74.17667358,54.8864849,,,,,,,,,,,,,151817,98202,53615,69891,1574.111808,1469.860375,57.95307753,555.7099439
2002/02,79.70123434,82.41235544,91.07213839,73.81413356,54.30205516,,,,,,,,,,,,,145627,94503,51124,59266,1625.324578,1479.434383,47.72322083,550.7890115
2002/03,80.83425832,83.4042089,92.76581856,74.17988291,57.25021432,,,,,,,,,,,,,152390,90899,61491,54256,1666.694022,1575.651979,55.81300368,545.0494449
2002/04,82.00856575,84.24963217,93.43294436,74.67602838,60.98131021,,,,,,,,,,,,,171128,110482,60646,55916,1814.995366,1664.962431,52.9000973,563.9772688
2002/05,81.11045756,83.44824525,92.1231278,74.67854393,60.29629798,,,,,,,,,,,,,171360,107903,63457,56429,1851.616728,1692.534989,57.32115584,576.723353
2002/06,81.3412004,83.62560111,92.15551444,74.81012994,59.36091617,,,,,,,,,,,,,164194,103534,60660,52977,1752.192752,1648.693736,56.16290971,541.7437916
2002/07,81.34195334,83.91111451,92.99174388,74.6646201,58.27157135,,,,,,,,,,,,,141507,83940,57567,57861,1792.394063,1631.044093,63.75182053,574.3478717
2002/08,81.51812424,83.90332019,92.70156512,74.92860302,59.79441066,,,,,,,,,,,,,162781,104969,57812,60102,1803.016495,1649.762824,58.60076331,571.0390494
2002/09,81.24193061,83.80329254,92.48573296,75.07067528,57.65384729,,,,,,,,,,,,,147383,94059,53324,50276,1719.913157,1613.303269,55.97301679,542.9138009
2002/10,81.76020364,84.26222602,92.80484525,75.47918276,60.03835923,,,,,,,,,,,,,171081,108075,63006,60175,1857.133039,1733.137858,54.79487735,576.2018751
2002/11,80.86966081,83.4181574,91.37948538,75.34033542,58.30543427,,,,,,,,,,,,,145027,91014,54013,56821,1827.249263,1653.841842,59.34735133,572.1030616
2002/12,80.84847245,83.47069274,91.2657466,75.47682406,56.25795985,,,,,,,,,,,,,90668,52212,38456,77398,1787.776219,1598.877871,91.50343264,625.6314948
2003/01,82.20759597,84.03807374,92.35062492,75.71674228,69.88860315,,,,,,,,,,,,,142424,89679,52745,63143,1860.184795,1687.716495,61.77798065,582.0541877
2003/02,82.5155003,84.6877946,93.47147046,75.9099613,62.38246844,,,,,,,,,,,,,131872,81174,50698,57907,1799.693291,1597.570475,50.15710509,590.9978052
2003/03,82.16041358,84.34133832,92.67566803,75.91686519,62.16289787,,,,,,,,,,,,,134251,80687,53564,55090,1773.862972,1589.411135,56.53857273,579.777263
2003/04,82.61393384,84.6141954,92.63386235,76.25985148,64.64475424,,,,,,,,,,,,,124831,70341,54490,50886,1762.702513,1668.87299,57.18500518,603.3238502
2003/05,82.01413844,84.43250956,92.20548088,76.49815574,59.63458371,,,,,,,,,,,,,148085,87106,60979,50618,1640.089523,1551.098466,61.56292137,608.3853626
2003/06,82.56935654,84.94529228,93.18542274,76.56600494,59.33902493,,,,,,,,,,,,,145298,89335,55963,52794,1733.387186,1573.450996,58.63407774,587.5260016
2003/07,82.64643261,84.8784971,92.71887772,76.84175193,62.51651841,,,,,,,,,,,,,117643,69600,48043,60019,1773.009003,1668.291534,66.49314882,611.3256881
2003/08,82.54649941,84.79391237,92.70409375,76.79265171,62.00420413,,,,,,,,,,,,,129466,71120,58346,55400,1770.974037,1658.965892,64.51944041,583.7900609
2003/09,83.0941051,85.4024158,93.37676356,77.28088351,61.99127094,,,,,,,,,,,,,131977,71415,60562,50197,1797.459096,1695.180974,59.61126288,596.8012899
2003/10,83.20321431,85.56718288,93.31496531,77.9369124,63.07563623,,,,,,,,,,,,,146763,80147,66616,53740,1864.833151,1736.381482,59.12367266,608.2318818
2003/11,83.95386222,86.40438019,94.19149871,78.41275262,62.69581651,,,,,,,,,,,,,125551,69649,55902,56204,1827.934222,1699.424899,64.62926559,591.2458014
2003/12,85.08419583,87.30030689,95.11107127,79.24071593,63.54630549,,,,,,,,,,,,,99351,53056,46295,85821,1846.421225,1750.435302,96.44461801,674.4873643
2004/01,83.51297605,86.62527798,93.91741028,79.13586562,57.30396448,,,,,,,,,,,,,120516,69219,51297,62348,1709.546985,1490.536154,67.21444295,610.2985175
2004/02,84.86375556,87.32545277,95.27738032,79.19176253,63.16747828,,,,,,,,,,,,,121762,68748,53014,59534,1867.78404,1745.517877,56.87815717,602.4512646
2004/03,86.18260932,88.31010419,96.86468656,79.61906126,66.72181617,,,,,,,,,,,,,140700,81714,58986,64665,2009.587367,1838.201998,58.85665421,641.4881853
2004/04,85.70735866,87.84151004,95.61714254,79.89640599,66.27919309,,,,,,,,,,,,,124642,70141,54501,54469,2012.81391,1832.200821,62.50321066,633.4302168
2004/05,86.25814853,88.07007208,96.16558394,79.78391277,69.39287909,,,,,,,,,,,,,128496,71651,56845,54556,2153.390777,1918.713639,66.98045845,619.7470951
2004/06,86.70436706,88.65297861,96.65546217,80.39637386,67.43888869,,,,,,,,,,,,,145978,86787,59191,53828,2109.484567,1897.098753,63.50070619,646.250444
2004/07,87.25521542,89.28204516,97.44624718,81.03815857,68.32808213,,,,,,,,,,,,,117113,75459,41654,57248,2070.541389,1886.456951,73.07597055,641.3920983
2004/08,87.40503552,89.1981351,97.21969341,81.06497713,71.08947436,,,,,,,,,,,,,145060,84747,60313,56621,2152.187123,1976.574969,69.68099564,621.284727
2004/09,87.32983791,89.26340299,96.99340814,81.35617109,71.14469951,,,,,,,,,,,,,142600,86090,56510,55223,2201.551473,1956.458772,66.76461443,634.4677726
2004/10,86.95480684,88.93596644,96.60117028,81.50030728,70.31289884,,,,,,,,,,,,,147949,88052,59897,59436,2062.632885,1931.063918,67.99222356,621.7555754
2004/11,89.15814097,90.77116119,99.41570402,81.79909559,74.34549873,,,,,,,,,,,,,120057,61799,58258,64522,2349.985336,2039.286075,68.70090933,656.7179153
2004/12,89.03701109,90.36845886,98.61163309,81.94448474,74.03999215,,,,,,,,,,,,,107297,58906,48391,99307,2444.776331,2016.433199,107.4393045,714.2147833
2005/01,88.73928081,90.75469742,99.5187079,81.78631364,73.3914112,,,,,,,,,,,,,97025,57161,39864,62663,2312.179707,1995.375059,74.27195946,626.8233792
2005/02,88.64114994,90.21155697,98.36986989,81.92800039,74.49818717,,,,,,,,,,,,,131553,77874,53679,58211,2449.395627,2091.909587,59.72206503,653.2182317
2005/03,88.25292393,89.87355814,97.83548668,81.84550703,74.05421893,,,,,,,,,,,,,120039,76483,43556,56867,2487.118522,2117.864535,66.86115918,675.7231372
2005/04,88.84964801,90.25162977,98.62351708,81.60143972,75.12430491,,,,,,,,,,,,,141059,85547,55512,53857,2583.264161,2154.350432,67.12844825,660.0872129
2005/05,89.11897533,90.66096221,99.68443779,81.53691947,74.36366102,,,,,,,,,,,,,136441,84570,51871,52960,2425.002457,2133.823818,71.40116871,659.0240951
2005/06,88.34376498,89.43868672,97.02751827,81.69875926,77.51671631,,,,,,,,,,,,,133478,81763,51715,52832,2548.180916,2237.806873,69.34277116,681.3181946
2005/07,89.09494793,90.27766374,99.01984127,81.52835474,78.1157612,,,,,,,,,,,,,102788,67479,35309,53187,2651.857151,2221.965584,80.96817537,647.6305443
2005/08,89.52369615,91.20625193,100.4246833,81.82494939,74.64383107,,,,,,,,,,,,,155642,102857,52785,57989,2485.892978,2071.999852,75.1857943,681.6854106
2005/09,90.2082738,91.77929175,101.2464017,82.13556215,76.90998294,,,,,,,,,,,,,152128,98936,53192,57172,2608.843632,2166.08323,73.1072528,684.8562965
2005/10,89.43872779,90.96298538,99.94943251,82.01474938,77.68921842,,,,,,,,,,,,,175474,108556,66918,54798,2990.142492,2220.873414,74.1795159,656.2974001
2005/11,89.83159507,91.33212845,100.2534148,81.94113261,77.76990383,,,,,,,,,,,,,180907,115272,65635,60826,2933.148528,2207.03243,74.4030848,698.2700471
2005/12,90.07997684,90.47388417,98.07536401,82.64640714,82.1809603,,,,,,,,,,,,,139960,96325,43635,92648,2958.866587,2322.794991,116.6790846,747.4340691
2006/01,91.37438953,92.58062125,101.8338053,83.21310813,82.87782146,,,,,,,,,,,,,160681,109793,50888,60362,2825.783315,2334.701445,83.96550949,681.8698568
2006/02,91.86275938,92.76522176,101.7668884,83.67784357,83.50422169,,,,,,,,,,,,,172343,114968,57375,53643,2994.202169,2387.236193,66.37168282,699.4089764
2006/03,91.28732986,92.40612907,100.6059856,84.18714256,80.77933475,,,,,,,,,,,,,199221,134432,64789,58649,3008.273518,2305.122598,74.15911664,719.0738854
2006/04,92.61695802,93.83413326,102.2509242,84.94777954,81.33504943,,,,,,,,,,,,,137902,95008,42894,46777,2989.730263,2341.052652,80.79101908,690.712425
2006/05,92.93086508,93.81147567,102.287043,85.32827627,84.5787892,,,,,,,,,,,,,178187,119500,58687,52232,3178.564475,2451.453483,82.56523758,729.2382589
2006/06,93.0462607,94.01265102,102.6394762,85.44473622,82.19438613,,,,,,,,,,,,,200831,131918,68913,51554,3044.153228,2361.574825,80.57653408,725.7454482
2006/07,92.71766575,93.87115639,102.1929953,85.40066355,82.19917847,,,,,,,,,,,,,125657,88570,37087,49241,3104.626945,2400.401595,92.15261543,702.343219
2006/08,92.89390509,93.77032063,101.4528534,85.8637201,85.3743477,,,,,,,,,,,,,186769,118131,68638,54826,3237.427291,2458.228435,86.91004193,732.6140704
2006/09,93.42066689,94.27950863,102.3915329,86.01475689,87.21060929,,,,,,,,,,,,,172278,117480,54798,53949,3211.420859,2549.829712,84.55996743,721.8033818
2006/10,93.39858409,93.99012459,102.0251412,85.9586113,89.05475528,,,,,,,,,,,,,188210,119069,69141,56527,3067.126919,2592.956791,84.07162403,709.8974078
2006/11,93.97315056,94.28336227,102.1350036,86.0060057,93.5679109,,,,,,,,,,,,,201599,132641,68958,59339,3126.940292,2778.456803,86.4900443,740.294102
2006/12,93.61347971,93.86986221,101.7366391,85.89977909,86.32846985,,,,,,,,,,,,,135674,89383,46291,83865,3101.838694,2610.513119,134.3365143,778.1644382
2007/01,93.47588195,94.70117318,101.8940061,87.40089042,84.28518398,,,,,,,,,,,,,139261,106480,32781,60310,3285.869729,2415.819042,92.29825728,726.1643135
2007/02,94.37536477,95.2481621,103.2567806,87.08731426,85.47560591,,,,,,,,,,,,,156704,110331,46373,50701,3224.268426,2577.721819,74.33263481,737.3631266
2007/03,95.05904197,95.74733234,104.0300637,87.34461402,88.29180618,,,,,,,,,,,,,175563,113259,62304,55496,3317.354771,2654.956818,84.18855842,765.4571922
2007/04,95.42612222,96.09519052,103.9163672,87.81287306,88.36856726,,,,,,,,,,,,,153375,100052,53323,43476,3445.664048,2699.4899,87.01229325,728.242186
2007/05,95.25516856,96.17087216,104.622982,87.82967421,86.86839252,,,,,,,,,,,,,183863,119664,64199,50362,3591.142071,2668.653766,89.35840583,772.9926533
2007/06,95.84158873,96.29064364,104.9565106,87.88204283,89.93591919,,,,,,,,,,,,,197839,130126,67713,47486,4033.500686,2731.776028,89.88885946,774.6475739
2007/07,94.83622918,96.12442601,104.0605926,87.8879767,82.74531303,,,,,,,,,,,,,155326,105117,50209,49545,3522.14969,2551.301799,99.02061556,747.4370285
2007/08,95.83686935,96.63650964,105.045638,88.15710739,89.25991063,,,,,,,,,,,,,221913,145257,76656,53035,3546.715242,2754.052895,94.56907294,770.3076302
2007/09,95.46978877,96.40111435,104.4611549,88.13257515,89.7633508,,,,,,,,,,,,,185776,129854,55922,49103,3748.273815,2772.085934,94.3429012,733.7197169
2007/10,96.08620886,97.33539485,105.5961361,88.76584268,86.62447212,,,,,,,,,,,,,205259,139440,65819,54735,3668.580171,2690.889687,90.68194784,779.5922331
2007/11,94.89341456,95.76834181,102.170595,89.03939735,90.05718286,,,,,,,,,,,,,190881,129908,60973,54094,3634.103626,2782.916737,94.62099725,779.0382187
2007/12,93.83172656,93.69911777,98.5207623,88.93287733,90.79675995,,,,,,,,,,,,,131210,87177,44033,73075,3999.63354,2743.999979,146.1712901,820.76894
2008/01,95.91365414,96.50229252,103.7979256,89.0333352,92.37026396,92.25405494,99.34507837,101.0023591,91.81105901,98.45507307,137.4477728,120.6629011,88.59151843,100.0179884,130.5158705,118.350313,109.3324767,172335,107852,64483,56498,4165.256601,2903.40649,99.68147399,766.0224958
2008/02,96.9607282,97.478746,105.4250111,89.43470842,90.89378825,93.3781575,98.87407566,101.2722106,91.52805279,98.37279741,156.9108252,121.3787723,90.44818795,103.0437474,116.8133501,128.8141869,110.1047632,180177,110024,70153,49996,4200.908156,2900.276143,83.48942417,785.1791347
2008/03,96.32411295,96.99570734,104.1766846,89.60497228,90.84111308,93.36522143,98.14124425,102.0314177,93.73738305,98.61676169,158.6343396,130.8067743,90.76480397,104.0335607,119.2161219,125.7884848,108.203655,156980,90050,66930,45615,3933.855696,2828.215795,95.29358935,774.590529
2008/04,96.51668613,97.51147466,105.2547774,89.23876759,84.82695734,98.94450072,99.26010312,102.615662,93.37013923,99.66994603,145.5147044,113.3445759,91.55218938,104.0135309,115.5747369,121.7955302,107.8714635,194447,114095,80352,46956,4092.562851,2728.497442,89.63514697,797.2139447
2008/05,97.32916732,98.2533575,106.0439149,90.84622146,88.96040218,97.93394654,97.6321889,101.4849467,93.26465215,94.4032549,150.6720261,112.1590771,92.12487709,105.3756628,117.5607858,134.3835156,108.6607634,184284,116312,67972,49940,3998.476065,2730.234001,97.91763005,812.8537346
2008/06,97.74784365,98.41334024,106.3138948,91.00997975,89.67993863,98.96001002,98.71689295,101.9545339,91.22962093,102.5715174,132.1413986,109.7846419,92.41112676,109.9659217,119.9814138,127.0227224,107.2713748,202725,131652,71073,47545,4155.220645,2823.149803,96.67354805,788.3313471
2008/07,97.22498577,97.87328817,106.2220926,89.02131696,92.01194838,98.33329691,98.23040497,100.6952928,91.00168963,98.4207803,128.5683087,115.1842929,91.11109426,103.6545645,114.7976262,120.9020247,106.183905,150649,106159,44490,48990,4105.835541,2891.152188,102.5021227,810.6325198
2008/08,95.9213815,97.00991484,104.9553756,88.92812895,87.24564187,95.7494725,96.99563771,100.4574031,90.92815454,96.98582913,130.7988559,115.1525531,91.09242869,98.84025044,119.5729921,115.7507146,106.289099,210549,137773,72776,48238,4550.301839,2712.265852,102.5656684,782.6211723
2008/09,95.2826426,96.36774336,103.8733403,88.71676228,86.63171309,95.97370024,96.53439198,99.90804502,89.34289469,99.32374183,120.8351236,114.832532,90.30821299,104.5503108,114.8417475,116.8878217,105.826988,195268,130840,64428,44438,4077.907611,2649.965672,95.08226639,789.2980578
2008/10,93.89686618,95.2929592,102.5429798,87.78684439,83.8165126,97.20749905,96.32638379,99.86306972,88.91430275,96.16201806,132.3513842,114.4676298,90.5482195,102.722258,110.7870921,120.4075798,103.9780717,220123,149080,71043,47242,3807.997437,2551.13581,93.44241464,793.3447289
2008/11,92.98229941,95.15688696,101.7788687,87.83404028,78.06712557,93.04466716,95.41158807,98.12626506,88.07731321,95.32532302,129.5751698,110.845938,89.402644,103.8064217,119.4563352,114.8336434,103.0923,175739,114939,60800,44323,3899.360829,2291.725189,104.0330915,767.9498215
2008/12,91.53320262,92.78263187,97.4715034,88.36371595,76.66308777,90.76764578,95.22025258,102.0659875,90.21833573,99.49940215,128.8729854,117.8429552,104.8137201,104.9761666,117.347275,116.2247118,103.7285806,127244,79137,48107,59288,3068.300257,2218.53517,139.6836238,851.2689115
2009/01,88.19874978,90.52289563,92.5102519,88.41333255,67.61997735,89.58445572,95.60097072,94.82605553,87.41064749,91.56413998,120.7923868,111.4553073,87.03965485,92.86261358,108.8228141,118.3126693,104.4747908,84749,49433,35316,40439,2368.841546,1920.804053,101.855131,773.5621085
2009/02,89.72953756,91.67558737,94.52161595,88.54854507,69.34646872,90.30105816,95.31555869,94.24231824,86.42722902,89.18059594,115.6043545,113.2873284,86.49827005,94.02231438,100.5476522,113.8099702,103.4898174,109961,69123,40838,35711,2662.268051,2028.915923,82.85945484,785.414254
2009/03,89.77785337,91.91917618,95.37970608,88.24078855,68.92404996,88.96866676,96.69651838,94.75427585,83.87227431,93.29130142,121.01851,122.899075,82.72251052,93.55309223,103.569152,114.9995745,105.5336417,105977,63696,42281,37611,2606.078516,1959.772041,93.0077349,778.3038514
2009/04,89.37467292,91.36809798,95.21756347,87.06515284,69.54352763,88.1355566,94.4697094,93.02315915,81.9829674,91.09522788,123.2149234,109.2463781,87.76507292,95.02865259,104.8888163,111.9428738,96.95068814,103864,67818,36046,29263,2469.632506,1916.155716,95.39850456,789.5602544
2009/05,86.41270396,88.44387693,92.6923197,84.68217761,66.94405939,85.6893599,93.00547319,89.68742184,76.26592212,91.04645987,125.0433011,100.533924,85.07780976,97.54308887,101.8014309,100.421331,87.34492626,111025,87148,23877,30364,2376.708407,1854.744036,99.13859159,752.2714823
2009/06,88.62323867,90.31563824,93.2227655,88.03842373,70.52199219,87.89013087,93.72467662,92.12713702,83.04169297,91.04407549,122.9877074,109.0753301,85.4471456,96.87169525,103.0045455,106.1823356,95.54883478,105468,88183,17285,33221,2684.739253,1908.017577,94.26336967,816.1891572
2009/07,89.93362401,92.11064697,95.03636581,88.90827974,70.8035776,88.29382955,94.07037009,93.34973425,83.65012382,92.26824702,119.1036238,104.31558,84.70262086,95.8545953,102.9643467,109.3408886,98.83909722,113569,76949,36620,33651,2838.112154,1944.726552,103.8276385,810.0157394
2009/08,90.91420211,92.9119864,95.89006931,89.71972343,73.97938808,88.46345585,93.83174377,93.02459766,83.54189923,91.85678794,119.4966904,101.3407245,83.00808619,95.86288126,104.7009908,110.0105175,101.7881174,139694,81427,58267,34027,2795.490914,1999.294974,105.6090442,780.1841248
2009/09,90.20794078,92.55095546,95.78331796,89.25285311,71.38745139,87.37350892,93.54285878,93.28642455,83.53902653,89.39738105,121.2841841,103.1335881,86.30728829,99.00572318,104.3555753,110.5766788,98.92193198,150916,93595,57321,34330,2856.837385,1970.173023,96.71909616,783.1876046
2009/10,91.19781149,93.62648425,97.80696158,89.1730599,72.57889526,87.75625421,93.20429298,92.91312787,84.5151133,92.20935277,112.3431715,105.1454761,81.49302891,91.57042374,101.3459399,109.0813417,98.6598851,190630,122717,67913,40998,2722.691507,1994.128812,98.18207141,799.9986503
2009/11,91.92453723,93.92775909,98.40485434,88.87359741,77.41151079,88.78014673,93.52685369,89.82714122,84.23406432,89.69904213,101.7409521,88.135387,83.74523477,90.38148869,104.0232849,110.3506844,99.58938589,184361,112263,72098,37191,3054.173424,2140.133837,103.9719837,778.3488488
2009/12,93.6950841,94.97726691,101.211477,89.02028091,80.44273513,89.0201409,94.27217142,93.44819082,87.60991906,92.1042712,104.6052758,99.48881987,93.20188804,95.71081002,101.4580623,104.6552802,98.5127498,158972,97562,61410,52321,3327.313419,2204.479426,150.3735836,869.6103418
2010/01,90.40374339,91.59178057,93.85215,89.11134216,80.6537186,89.7970041,93.44137629,92.9779247,85.45725977,94.12521525,104.4499001,97.51239648,86.23200358,97.91431483,99.22705654,107.0834627,98.02378108,171504,101902,69602,38703,3320.406319,2216.35758,106.3821347,755.2222667
2010/02,92.44303639,93.44806534,97.54529095,89.21149615,80.51743275,90.66585493,93.79785712,93.32310506,86.32288107,95.38210395,119.1527925,95.1312516,84.6947033,96.3174358,98.5790962,102.983143,97.9339265,172338,106567,65771,36930,3183.105692,2251.463589,85.83928336,795.5373309
2010/03,92.98347287,94.00561212,97.97595464,89.89679546,80.21348779,91.94338586,94.68770409,93.55988543,88.90336568,94.47895342,110.2352191,101.4530692,85.11880328,98.55860556,100.3953288,106.522452,97.81399862,196198,119134,77064,39342,3343.420965,2324.310765,96.40090402,832.4167194
2010/04,92.16196938,93.7866643,97.35776027,89.92763913,77.68354871,93.95878439,93.68643393,92.3918492,87.8208059,93.75278171,100.4071571,99.29522637,84.91699323,97.83890181,93.99444883,107.3624896,96.35466867,176239,108744,67495,36608,3473.044976,2306.032459,95.69953084,795.6812004
2010/05,93.28414342,94.29194979,98.87995093,90.14656329,84.26832068,93.99044424,94.59649948,93.66445478,88.28152999,95.4280373,102.2570167,98.98047373,84.8860582,96.44039633,98.19554678,111.612833,97.37726023,185310,113880,71430,37478,3715.557257,2508.739999,106.8502834,801.0885846
2010/06,93.05932422,94.42832632,98.79649221,90.52776715,78.49784193,92.73251693,94.06996788,93.5178131,88.48413102,94.77521694,103.1117685,93.77407451,85.32477747,103.7207627,97.68849953,107.8354857,96.60287739,213334,135741,77593,37093,3200.72899,2317.123211,100.1784911,822.5067298
2010/07,92.74126838,94.29404118,98.1441887,90.17385466,79.47678049,93.0908716,94.43255235,93.03700924,86.6747479,94.14266423,105.5292524,93.23649873,87.66043652,100.9654602,96.30187319,107.2718573,96.42431971,186405,124584,61821,38947,3220.78103,2312.454831,110.8045136,799.5532126
2010/08,93.08266886,94.60306653,99.01211419,90.11387455,79.61707173,93.85417338,95.39254772,93.72194451,91.65526296,94.48813853,101.9803378,94.56465151,86.03006293,98.77201054,92.92119359,108.4868898,95.84636612,211722,131151,80571,41498,3356.617708,2358.350278,109.4026941,791.4059194
2010/09,93.83956997,95.58088755,100.7668711,90.26193733,80.04354089,93.9390046,94.69628094,93.98140808,93.0517713,92.9038705,96.1333303,96.69379039,86.30293422,97.63038387,94.4224569,110.31409,95.17329368,204054,126065,77989,40723,3273.493588,2407.206415,102.036265,785.6071943
2010/10,93.45075166,94.83729803,98.71240432,90.65403427,83.23295279,94.04095924,94.80452989,94.8500978,93.8613855,94.51897488,92.83354769,94.69096578,87.66754584,100.5255283,94.83747788,107.043337,96.37843452,228482,147139,81343,45817,3707.155893,2535.620931,107.0309673,783.297703
2010/11,94.58774095,95.96918747,100.2763953,90.8872094,83.3157345,93.58718058,91.92227187,94.61700049,94.68529999,97.25492601,92.03520248,101.3437123,87.79981153,97.56618675,94.08028885,106.8967398,94.86885114,215991,140222,75769,46617,3602.688038,2512.810163,105.0515221,808.6876225
2010/12,95.08233364,96.79245034,103.316675,90.77051736,79.60006909,93.15941573,94.82165402,93.85153125,95.03696527,96.12112801,91.19244238,97.60362837,88.15657772,98.11660538,94.11630299,106.0048943,95.09468933,178643,113838,64805,63999,3942.373614,2459.562358,159.8775322,861.4468761
2011/01,92.6750569,93.85710814,96.34948637,91.03401856,82.60363113,94.51472382,96.41848963,94.68223593,94.88192102,96.01681555,96.10603081,97.98643818,88.36957987,97.52997212,91.86643188,102.7519256,95.27004958,207790,134247,73543,45438,4192.711528,2579.386946,113.2684056,756.2534255
2011/02,94.59297343,95.64817418,99.93864517,91.29396689,82.5945662,93.16276873,93.33914462,94.10431664,95.65489868,93.34501654,95.87658974,96.60243059,88.20567648,98.8220558,92.12036399,109.586555,94.40114796,203497,130698,72799,43027,4238.57626,2588.920343,90.5034157,794.3806278
2011/03,95.24439189,96.50191945,101.2918639,91.50429118,82.50972152,93.5233333,94.52077502,93.44816242,95.74350964,92.58076966,88.85010518,95.7679556,90.12233949,99.84122519,89.53789317,103.284737,94.50241206,255331,161290,94041,46501,4065.052963,2630.803516,99.73200237,815.4993977
2011/04,95.60675212,96.91818103,101.2887183,92.31527365,82.8000804,91.47228931,95.31205726,95.05626874,95.90148747,95.14849511,89.46746116,98.40436394,91.03551611,100.0094275,90.59320171,107.7909272,94.6414082,167641,98526,69115,40916,4013.547877,2669.61138,108.9760254,812.4082031
2011/05,95.8906841,96.92316007,101.7437159,92.54021014,86.08894113,92.83794725,95.50908308,94.8974586,97.00611513,93.75931163,89.01393491,102.7995017,89.23317765,98.75618471,92.64091291,113.0924584,94.79614111,232729,153075,79654,44711,4491.204375,2746.172725,108.6620534,794.7884698
2011/06,96.01810245,97.05248827,101.6401547,92.83936354,85.61904199,93.91299755,95.59380757,94.7234538,97.93824623,91.83874883,87.76053394,98.52658636,90.86008458,97.49669879,91.02516642,108.3103684,94.74988059,246037,155185,90852,44785,4453.637024,2710.47209,106.7003372,814.7060469
2011/07,96.48742197,97.8808975,102.2244485,93.38271262,84.86495946,92.29440588,94.78297379,95.28557779,96.46637991,92.9021152,88.48840684,98.43302681,91.39793941,97.09338734,92.16192822,103.2176197,95.68385383,212513,131046,81467,45536,4430.099938,2762.041761,121.4549198,770.4216637
2011/08,97.01017163,98.19682415,102.5055716,93.85162863,86.27534753,96.83209817,95.45212754,95.92404806,97.55406439,93.81353792,84.11748316,100.6664921,92.72941122,98.9609331,90.01261215,107.6395863,95.7944499,233301,144180,89121,50789,4256.9404,2789.563298,114.8782489,810.5633617
2011/09,97.62219191,98.79380779,103.0389529,94.52817468,86.87106977,99.90654546,96.52326995,98.62580665,98.81463216,95.84784609,101.2923964,112.0315511,93.87269158,96.98681905,90.70508333,109.2371532,97.99819825,236540,151703,84837,50005,4667.128502,2836.822946,111.4974478,793.9284378
2011/10,97.36282301,98.89566049,102.523376,94.83937434,85.72523956,98.32522117,96.90307255,95.79515433,98.62069003,94.43669867,90.30339811,100.2822068,92.20728886,95.69441248,90.41574585,111.4312164,96.9291973,253651,162699,90952,49613,4820.994493,2804.423666,117.199704,779.9745003
2011/11,96.81031991,98.30818392,102.1596204,93.65256704,84.41777758,99.47530169,96.69337964,96.30896594,98.54722154,94.99419647,89.76362022,99.0377522,92.92146944,97.21929446,89.34258862,111.0663569,97.52124369,242259,150616,91643,54205,4121.912644,2802.543784,124.2556203,809.3341686
2011/12,97.88196573,98.92487282,102.6603019,95.65415303,89.58361093,101.6268323,98.28305044,94.17188762,97.87899371,95.04702447,93.05323907,94.61022957,92.90314027,94.38395436,89.93178715,111.9180853,96.41643392,192083,115901,76182,75997,4145.635982,2899.71348,169.5504438,851.9983005
2012/01,98.43746677,99.3158851,102.5371312,95.79793773,90.00530958,102.9372238,98.55995769,97.52799808,101.9392982,92.93391363,99.03118197,100.8384691,93.80526397,97.21267783,95.53574911,127.4669962,98.04353101,215365,125179,90186,49410,4251.095668,2993.0425,120.0758538,776.6472487
2012/02,98.10212848,99.22016258,102.5103221,95.90186971,87.38188641,101.2217175,99.04744336,98.16913547,100.4086024,97.99676929,94.8300527,100.8177502,96.31419552,97.90450822,92.10164464,112.6550046,100.575005,253910,153645,100265,49887,4834.130611,2881.798142,98.63407572,794.8556247
2012/03,98.01515838,99.01393309,101.8328742,96.01554827,87.90538532,100.4702817,99.62886049,98.013952,100.8465535,97.15749187,87.3194484,99.59012625,96.57090792,96.64965731,94.57019032,115.1624148,99.62175227,280444,169059,111385,55147,4611.859645,2871.72101,109.22235,819.1787933
2012/04,98.32812235,99.04515597,101.7850705,96.18654475,91.7209449,98.92301373,99.41278419,97.70005359,100.7736762,95.56271329,92.04498303,97.68509621,97.61973587,96.87393524,94.25294487,119.1144243,100.6106673,219508,132786,86722,45354,4685.736856,3014.108314,113.6000329,784.9010539
2012/05,97.36981974,98.54146498,100.718544,96.81001243,86.63040048,101.1841344,99.58228451,98.22049261,100.9651912,96.99677532,87.01403575,98.19258943,97.64937407,85.904433,94.47663119,115.782834,99.87163464,240113,145161,94952,51170,4559.108665,2825.211379,117.5022076,826.5588454
2012/06,98.31812366,99.50211218,102.0530674,97.11110331,86.61899442,103.2097708,99.56115713,100.0320479,101.9727247,99.04442353,90.32368763,100.2929055,97.98536304,98.8408017,94.37989284,131.5609565,100.1362955,280645,171048,109597,50554,4292.488778,2844.132068,117.5046015,825.027264
2012/07,98.47028417,99.51510719,101.3298554,97.61945531,89.51783776,101.1627015,98.70239376,99.18085814,102.8718271,99.29085482,84.2123361,101.8588206,93.13773681,98.29046808,95.63635853,116.0428311,99.39574663,250811,158931,91880,49637,4293.984034,2910.95392,127.3636975,788.500869
2012/08,98.52814476,99.50360887,101.0328839,98.14225576,90.21358316,101.2651093,100.1430299,98.17724854,100.8154575,97.2972962,92.22525126,98.37744892,99.92359983,97.40300081,98.16524477,96.70826395,99.37866666,260543,145924,114619,53304,4329.337415,2927.146653,121.724787,803.6611688
2012/09,98.83785277,99.69097978,101.0770831,98.01545964,90.95509838,104.2945689,101.3910522,100.6127974,100.7444908,99.5343008,85.57136122,100.5526267,100.5041233,97.16450519,96.06178028,106.9546582,100.9311406,263167,158171,104996,51545,4403.780733,2983.216341,122.4886891,774.4244702
2012/10,98.79380835,99.62694155,100.8849657,98.26309208,91.20568818,100.6343555,101.1358702,100.5582812,99.54266633,99.80671459,90.61597647,110.3026205,100.7967589,95.88466098,95.7540405,105.4401288,101.0250207,294022,182282,111740,53411,4628.560064,3020.653098,118.7727768,813.3244433
2012/11,99.79310112,100.1157247,101.2867482,98.50156807,96.43183178,98.79750012,100.8798,102.7653016,99.93554806,109.1323297,97.28064016,111.8669491,97.53048577,93.92834687,95.40613085,105.8912841,99.21426688,274484,160544,113940,60223,4997.81205,3197.706052,134.0598161,803.6428932
2012/12,97.00205712,97.61155423,97.80275756,97.66652027,93.5032527,99.18534041,97.97298307,100.9123796,99.70463062,106.9146436,94.27397402,107.6683159,100.6364913,87.06192769,94.91621793,113.3126408,96.66734607,189935,108694,81241,72022,4338.820847,3045.773657,175.0047475,833.0304747
2013/01,99.44237108,99.68131003,100.4391798,98.78398738,97.16307683,99.67879955,100.4490158,100.1148637,99.97002734,105.0059231,88.87741462,102.7123427,100.623081,99.10409097,102.1594203,103.5124414,98.88003195,252130,148921,103209,55875,4740.945217,3343.016827,122.6870837,771.4665747
2013/02,99.89156937,99.9088096,101.0459277,98.77478148,98.97753972,99.62451497,100.3904984,100.066989,100.5790679,98.10909097,92.39454598,103.168282,100.9252966,98.33999629,100.6717018,101.2927735,98.90544903,255632,156124,99508,53504,4767.989995,3379.007791,100.0130276,788.7624862
2013/03,99.9747278,100.1416307,100.3914798,99.23491317,99.54357079,101.4355633,100.1835419,98.70096847,101.045006,98.33768694,93.99614816,98.2852491,98.39889409,99.93101538,98.86644352,103.0291536,99.2019655,248281,147667,100614,55860,5440.78448,3362.10391,116.5013069,777.7199113
2013/04,99.66284208,99.18398297,99.786028,98.91766379,101.3936243,99.05495013,99.84435569,100.6845786,101.0507256,102.3083843,98.81878896,102.9294281,98.79517699,98.9882596,101.5041758,99.66123868,99.43987951,251914,164032,87882,55210,5045.703442,3421.866284,110.2897949,793.7459161
2013/05,100.0317251,100.1006489,99.99067818,100.8785063,99.62808088,99.14379725,100.4860654,99.80214211,100.5593757,95.89143144,99.2161176,102.2428813,101.075093,100.0353286,97.87637773,98.48690876,99.93680652,267166,161519,105647,56991,4655.84274,3390.721639,117.8038248,806.1319757
2013/06,99.33533576,99.41328993,99.11110063,99.45170019,100.0629137,99.09010886,100.2882938,100.4994109,100.5511176,98.88629192,99.92041181,103.0735637,98.65842474,103.7299376,98.40138242,97.6334703,100.7492661,278285,165146,113139,54834,4749.594698,3371.490372,120.566139,774.8275284
2013/07,100.3569661,100.3112656,100.2284063,100.5419141,101.3454378,99.47265645,101.1494756,100.3723574,100.5204157,98.80706829,102.3679977,106.0858966,98.7728322,100.8530691,98.55346715,99.39072385,101.1129083,250479,138659,111820,55931,4762.03558,3409.765119,126.0434183,799.3928918
2013/08,100.3347578,100.5195548,100.2649582,100.8891263,98.88224582,98.44358971,99.34663783,99.63445813,99.01105013,99.53425656,101.2816268,103.9901218,100.2733846,100.1401745,99.24199982,99.73781123,100.32897,271056,157998,113058,56366,4659.31616,3248.835059,125.0703545,793.7295727
2013/09,99.68672903,99.35351598,98.00187243,100.5374223,100.5116075,99.52596763,99.75919944,99.96596328,98.63874947,102.0820969,110.9317432,93.94008317,97.68402128,98.44552526,99.65328478,98.7012673,100.7095624,253357,132943,120414,50010,4647.256185,3404.037049,120.7231044,741.1810669
2013/10,100.5771891,100.3929104,100.2887118,100.4147182,101.1885166,100.610307,99.50507614,99.88985984,99.11762583,100.6658288,105.1240621,94.0604058,99.97127785,99.88633975,101.7807939,99.12141276,99.92223552,297840,164147,133693,55395,4671.547378,3391.377379,118.3601082,791.8519042
2013/11,100.3574818,100.6549367,100.3669721,100.5892806,97.83909456,101.2788915,99.92461314,100.3571335,99.64767304,100.737749,104.5651073,95.51257146,101.0991097,99.83467781,100.622795,96.78939076,99.8165336,267343,144404,122939,63656,4508.00374,3279.602989,139.9870224,786.3022501
2013/12,100.2244304,100.2913167,100.1187885,100.7779331,100.2982099,101.6509442,99.45383679,100.2681527,100.1973004,100.4486808,100.5325399,98.8696964,103.4123531,100.3885554,100.4988979,102.3860974,101.0026563,176651,89456,87195,75086,4558.780653,3350.676577,175.7217039,821.3811304
2014/01,100.4618035,100.6333614,100.4546491,100.8886759,99.06812708,101.854772,98.45994578,99.83899124,100.7500711,98.94542532,107.5340833,108.9091003,100.2225009,99.16437586,103.7639311,99.55694524,98.15951852,261043,139523,121520,55126,4752.543208,3322.654287,120.4057738,761.3278059
2014/02,101.0014869,100.9484023,100.919974,100.9753701,101.0395396,102.9075933,99.91407969,100.0073893,101.0632881,98.95814587,96.56539085,101.2813727,99.43549083,98.4668547,104.5654453,99.91259912,97.14879376,260007,142433,117574,51084,4795.815419,3403.524418,100.018365,775.02055
2014/03,100.9978498,100.9787109,99.94729979,101.4927816,101.5047147,103.3608767,99.98015597,102.2544366,101.8595794,110.7982528,104.3816919,100.9305612,99.52546602,97.46446855,102.8626349,98.90825476,96.03495959,291002,165125,125877,54738,4731.192718,3480.111085,114.5715923,764.5671932
2014/04,102.8285166,102.6207149,103.0848319,102.335118,104.2763394,103.3338873,101.1587352,101.2664984,101.5644081,109.3138838,102.0210992,102.2492199,97.52770517,98.51343008,101.5022149,92.78440471,95.57097432,261213,140749,120464,49667,5028.926294,3656.146025,113.9164639,788.810586
2014/05,102.8495053,102.6134882,103.8390375,101.8325553,105.2489293,102.6270918,100.8161302,101.4447594,101.4976061,107.4146231,99.36825252,100.5674918,101.0965689,97.29799596,102.287178,95.33648766,94.40910705,301283,174834,126449,58049,4718.836995,3607.671431,122.5721614,790.0063697
2014/06,102.7890692,102.8176382,103.3040455,101.958341,103.7193457,102.0792684,101.2104723,100.1110596,100.6479846,104.1894789,108.5520977,98.60641913,100.6542912,96.35101622,101.7252018,95.44787759,94.5546038,301011,178484,122527,54874,4989.622963,3642.365026,120.6212335,757.2466797
2014/07,102.7785274,102.7151575,103.4115457,102.1866531,104.3827095,103.2522248,101.4900022,100.1415617,101.0143923,101.5452981,109.3900007,99.46094829,100.842319,96.91288726,102.5960575,97.80981238,94.9745239,275565,146306,129259,64764,4865.513255,3628.933579,127.6512837,780.8470162
2014/08,102.1893242,102.0427933,102.2447255,102.0430417,104.2469325,103.2401854,101.9980945,100.8977413,102.2467305,104.495981,102.6079425,99.6320013,99.60191336,97.91606283,104.0789749,95.74473475,95.79529633,286708,167326,119382,67674,4921.818697,3609.05645,129.9339791,759.244303
2014/09,102.3817022,102.2088637,101.7086023,102.6216969,100.1271298,103.4383609,100.7142919,99.35729564,101.9819348,101.2916556,106.4690268,97.23995037,99.22273423,97.48987738,104.4807995,95.4759398,94.43603712,267674,160064,107610,57101,4623.676683,3492.861514,118.5018221,767.9645997
2014/10,103.438864,103.1783057,103.1790832,103.1720685,105.2787506,103.9992814,101.6530253,100.9431413,103.5191104,103.5606682,106.9420691,100.7684233,99.16442987,98.61122071,104.555528,95.55720345,94.05915634,330164,205963,124201,64472,4787.501711,3571.861554,121.0862431,778.854039
2014/11,103.6304804,103.4686541,102.9832811,103.4538225,106.5376432,105.6865328,102.7562516,101.3370772,104.1787329,101.5237933,111.2096493,100.0213999,99.22372134,98.04752053,106.6704349,100.3665481,95.66217822,284816,173435,111381,71299,5320.09267,3600.43568,143.3898514,756.3236918
2014/12,102.2687953,101.9698312,101.5464644,102.844006,104.2076365,105.5203409,102.503766,101.9730575,103.1153451,105.6723903,114.9765099,110.8344072,98.91203118,97.01099798,106.1142968,96.02312422,96.43385584,208498,120167,88331,85929,4682.370313,3537.806471,177.9480441,839.4121161
2015/01,103.9292705,103.8178425,102.8534002,104.6573786,105.4549074,104.7009238,103.6214164,104.0100322,103.5988606,115.2805435,106.3181829,103.798868,98.90330923,97.05262551,104.7331351,104.2903733,98.18357501,282077,163781,118296,69264,4666.135743,3530.390433,127.9226717,757.7513992
2015/02,103.4987371,103.5271798,101.4503153,105.5153729,103.0392515,105.182607,104.5499769,104.8572032,104.4880013,116.1361147,102.245818,100.2946649,98.75075045,95.62621962,102.159358,98.43889393,98.63395468,298614,170652,127962,65206,4530.602021,3488.960151,105.5530893,776.5054835
2015/03,104.2384887,103.9874148,101.7006305,105.9779725,104.7212272,105.4529698,105.1618424,104.7091302,104.7109253,115.4671262,111.7368301,104.5598495,93.45491138,99.49445374,103.8358938,97.69073893,100.5800695,318608,174943,143665,68479,4463.288992,3425.452097,120.6401768,772.6273426
2015/04,104.3120773,104.0082382,102.0539916,106.2216582,108.3731271,105.3112265,104.858399,105.114855,104.7709387,115.9286436,112.7673705,100.68462,101.5601321,98.63409198,102.7167701,99.23068877,101.8898147,300726,164761,135965,62939,4443.20114,3511.356356,120.1478752,790.2032683
2015/05,104.672117,104.0204044,101.7256872,106.575606,111.698848,105.413563,105.2189009,106.1631551,105.3933363,117.2348207,111.8840159,97.3746829,99.07086294,98.82893327,104.4270972,99.46711012,101.9506958,304384,168623,135761,66810,4755.33966,3698.305454,132.3090992,783.1546746
2015/06,105.0545732,103.8994174,99.99863474,107.4313778,115.6166535,105.8623628,105.9756679,106.1160912,105.6208622,119.1518535,105.6790365,103.1864657,99.12027077,97.45455191,103.7816243,99.1366723,101.8559739,323481,185905,137576,70406,4825.768931,3761.920478,127.5735469,781.6573811
2015/07,104.8492354,104.3330344,101.4828018,107.6468455,110.7307551,107.9318467,106.8191442,106.6192484,107.0982716,118.6353726,105.8879988,102.6430232,97.87167768,95.72964648,104.0272903,95.20574098,101.6799428,271218,146981,124237,74235,4683.33508,3559.814834,137.5550385,835.8003694
2015/08,106.5849637,105.7943547,103.3338205,108.3761596,114.6899261,105.7654372,107.8410369,106.4793823,108.2616731,118.116017,110.3149067,100.87089,96.85550155,97.758886,106.1255666,102.1176836,102.5741151,306315,167881,138434,75683,5392.040392,3658.371159,141.2225135,784.0101026
2015/09,106.7391986,106.1280252,103.1450381,109.1543551,108.7582026,104.6233788,106.9159651,107.2960275,108.7944571,118.0260553,101.6799185,104.4891926,98.94457108,98.76458114,105.1777019,103.5946954,100.7601211,295410,151464,143946,72194,4628.081789,3606.749667,129.2298765,799.7296264
2015/10,107.8861275,106.9450081,103.9960785,109.8591033,116.3001421,105.2054081,106.8500606,106.5708301,108.088984,118.4301205,104.0386689,104.9075563,96.64909114,97.54781454,106.6451371,100.8019907,102.0875715,344031,187326,156705,75756,4546.589616,3678.467962,133.6347618,799.9637695
2015/11,107.4372927,106.4272519,102.4400212,110.342693,116.7874906,104.7105486,107.06424,106.7677256,105.7489604,122.2329845,105.2140852,99.48155728,97.77201433,96.61585619,107.8846406,97.21726839,99.98391153,309626,163378,146248,80409,4655.592752,3666.882262,153.0485282,788.0458138
2015/12,107.5952374,106.8570143,103.4732022,110.6426031,112.8503462,102.1526384,107.8193436,106.5486235,107.7224193,119.8656892,102.770776,102.3874352,97.93436838,96.85582359,111.4224918,98.91320918,100.3073478,235564,119794,115770,98600,4592.300787,3608.262983,193.9240153,848.2949942
2016/01,108.4482358,108.3115367,105.1586186,111.2096972,110.9502441,104.3677685,108.9155505,106.158129,108.5672236,121.8255101,103.1869312,100.2982877,95.92766636,96.40045099,108.6010185,96.43709408,98.06967751,279035,145661,133374,75624,4357.637773,3519.708613,139.126188,771.4906864
2016/02,108.8183905,108.5339474,104.8392982,112.164858,111.7951627,104.374446,108.7817397,106.8354382,111.3243727,123.4187323,105.1581897,106.0096834,98.65531771,97.51544643,110.7286869,96.94342941,97.01717199,283887,164978,118909,70884,4231.657239,3480.790319,115.4373472,810.7389623
2016/03,108.4667544,108.1571861,104.3149113,112.0157592,112.5723852,104.266015,109.691773,106.843885,108.6616926,122.9151096,104.8792912,101.7294287,99.35690974,96.77183549,110.1445365,95.92970916,96.50968661,280216,160241,119975,75259,4161.099543,3493.941643,128.2818104,827.7448481
2016/04,108.0200493,107.7610158,104.2302963,111.7599152,108.2864147,105.3552287,109.9677501,107.3974245,110.4653278,121.2364909,103.3314174,105.8767184,100.5363076,97.68520701,111.8425037,101.7184085,94.38922422,284563,158189,126374,76732,4241.60688,3370.416799,132.4019977,811.9438251
2016/05,108.7899888,108.7702543,104.9209771,112.6932903,108.4048831,106.3006087,110.3394669,107.6593101,112.46283,126.3048049,107.3375813,103.6098848,95.93006646,97.84507668,110.960804,102.1356153,93.08775003,292337,160421,131916,78271,4362.632074,3435.574449,136.9559792,815.560984
2016/06,109.7081503,109.8923925,106.0049912,113.3151856,109.8676626,106.259295,112.0083523,109.14456,113.4828145,127.28356,103.9947605,101.08721,94.82504533,98.23859267,110.7232855,110.5971242,95.79942749,332231,183143,149088,89604,4268.257845,3355.373016,135.115653,838.5184277
2016/07,109.9227832,110.078758,106.4647416,113.7823613,109.8933319,105.8046126,111.2512606,109.7953969,111.7510037,129.979281,110.9907534,101.5274646,94.04185877,96.11944741,112.0141084,111.0791735,96.24756112,294643,163961,130682,89915,4592.000731,3341.931342,152.0337114,825.912164
2016/08,110.3540146,110.3678496,106.8861228,114.2598808,109.1806578,106.1557159,112.4462101,108.0353989,111.5114751,126.0605012,103.3271044,106.9947135,93.42838265,97.03167688,109.2908643,102.6296067,96.70667807,344696,199684,145012,92100,4192.003501,3300.295874,144.0717288,827.0586677
2016/09,110.7420296,110.6137992,107.1855691,114.4681862,109.4661959,106.7673937,112.4695983,108.9669716,112.5312034,124.8849738,112.0466146,107.7790359,92.98406664,96.83027406,108.4039833,102.5908688,101.0783252,300919,150693,150226,86913,4451.66058,3295.036224,137.3010853,821.0963128
2016/10,111.2573854,111.809338,108.4588742,114.8273652,109.3442417,106.3457051,114.3852572,108.925618,111.7864869,126.2401685,112.9395668,101.7521606,100.5529058,95.83742137,109.5984835,100.4836499,98.31128618,341156,185552,155604,86397,4343.810777,3293.189619,144.4439076,811.9846449
2016/11,111.2049749,111.6154796,108.6484461,114.5584171,107.2712575,104.8093469,113.2749753,108.5674085,111.3413534,123.0275731,102.7713972,109.2235738,94.5895237,96.51621538,108.6144806,97.33422845,99.29617688,328858,181098,147760,100989,4253.326402,3262.620617,161.4852415,828.9784816
2016/12,114.0457388,114.0786274,112.1231634,116.3038083,111.6559318,107.3348304,113.2346852,110.5620595,114.1713524,130.776392,105.2637343,104.9549349,95.29890822,94.96271369,110.977362,117.2213684,100.54442,253963,142138,111825,125461,4471.102985,3251.826609,203.5671428,885.3879274
2017/01,112.6842296,112.9980015,110.0989302,115.4058114,110.1121462,107.9549084,112.3602258,110.759944,114.5781726,133.7298205,105.9816653,109.7210287,97.5541848,93.99715007,110.2316208,103.7888196,97.8619562,295708,152488,143220,80215,4500.643234,3194.017801,142.2904819,749.964853
2017/02,112.9601992,112.6088493,109.7309834,115.5359346,115.9057927,107.6188049,112.2410332,111.839259,112.6440308,135.3726694,104.8637203,106.4912665,97.35109634,93.56270442,110.6224187,109.6781093,97.68537582,319272,172511,146761,77251,4670.012226,3429.98304,116.2473006,770.3596007
2017/03,111.4751059,110.9415255,107.1762143,115.8141486,116.1613608,107.2056726,111.6923251,111.3512885,112.9181569,135.4090121,99.30279789,102.7523278,96.53000167,93.66099823,112.7979895,109.4800517,96.81597132,383198,217262,165936,87502,4722.042854,3493.724567,130.4095658,796.2127692
2017/04,113.5922414,113.3536344,109.9883676,116.2671413,116.6200748,107.1831947,111.7761862,111.6010638,112.1724479,139.46358,101.3751365,104.2811503,95.94913253,92.01531776,114.7579283,106.8594329,96.90262858,301814,161190,140624,71242,4550.767386,3500.054912,136.7598317,770.280248
2017/05,113.4258881,112.6943231,109.0092568,116.4477422,119.0373488,106.4682873,111.6194239,110.204602,111.2761175,134.3826034,103.5863349,105.600257,96.88662592,92.77853868,113.5071421,105.6297725,96.78082489,352392,181479,170913,76217,4627.541503,3549.737663,140.6145181,810.0640825
2017/06,113.8100391,113.0572652,109.0455229,116.7980051,121.5550354,106.4600894,111.1745594,110.4139809,110.757188,134.047371,103.1730179,106.0201128,98.52567593,93.43455756,115.8954521,93.96861656,95.29859155,359943,166795,193148,81492,4708.988982,3644.627779,137.8943112,816.4778397
2017/07,113.6769173,113.1624831,109.8878552,116.341134,119.6396071,107.5317876,111.5186147,110.4866318,111.6127717,134.9572587,97.67894964,105.7464759,97.86812679,93.19530481,114.4258999,103.9674564,93.94697678,316519,140540,175979,77279,4698.057539,3597.417339,153.2647368,789.2236012
2017/08,114.0789949,113.7039071,110.2322362,117.4225567,116.4206092,108.098529,111.0742266,110.4632184,110.8098567,135.2995479,103.4725054,102.8969767,99.01244503,91.67597125,113.7761237,100.2526066,93.14103718,383229,176626,206603,78019,4731.545994,3567.613189,144.9314736,820.0021053
2017/09,113.9803793,113.605492,111.1107419,116.529904,115.8451457,107.1882826,110.4041384,109.8621273,110.974931,136.9828918,99.39233305,101.4552402,94.8958242,91.13206538,114.2596565,96.51703824,92.38398888,338822,133215,205607,71437,4945.432983,3594.593586,141.1124817,795.1569822
2017/10,114.0450471,114.0577348,111.4516655,116.4112016,115.4177963,107.5680507,111.6015376,109.9153552,111.6441453,135.3322059,100.8646799,103.8478372,99.5061584,93.05126483,115.3028486,103.6789741,91.67287698,398516,167067,231449,74690,4905.7044,3537.376391,142.9888538,781.4863728
2017/11,114.3419786,114.1175647,111.4075474,116.750385,116.5917687,108.0248678,110.8952991,111.7895314,113.0065604,139.5702834,107.1620499,105.2312902,96.6757403,92.80764224,115.6765309,101.9454718,90.38591069,361807,142889,218918,89391,4929.557098,3454.889898,164.6131594,813.7836543
2017/12,116.1949691,115.1551898,112.2981495,117.9823214,124.3750357,108.7275804,111.8429677,111.0920676,113.1655196,135.3742761,104.765344,102.8668021,104.458646,92.68763891,115.5723808,100.9481489,89.9298419,274837,94884,179953,96819,5466.105104,3860.217288,206.2876843,855.1494614
2018/01,114.4555799,114.0491122,109.5212559,118.3038938,119.5637523,107.1162944,111.8967063,111.4913361,112.2817492,136.4691941,105.4329539,101.8115388,99.74573117,92.74944222,117.0342916,102.7448832,99.17111894,313695,138580,175115,65152,5075.064461,3647.872231,152.5353966,764.9579349
2018/02,115.146607,114.7377728,111.050284,118.5309944,118.3573759,108.4957223,112.0867454,111.3529741,113.1076265,135.432251,102.1755727,99.52440801,97.27954383,91.7712501,119.0742454,101.2196822,97.05333735,340673,124244,216429,67106,5184.679543,3575.371603,125.5470847,777.1375533
2018/03,116.3038705,115.6359439,113.7186684,118.5344802,124.5067325,111.2554995,113.9858087,110.6794173,115.3901983,132.2252576,104.7199547,105.9787288,98.07722783,92.79114983,118.8393585,101.5846868,96.95110395,345751,128139,217612,72458,5373.352731,3785.197921,147.8844476,804.9456807
2018/04,115.9239804,115.3304193,111.0446653,119.6746574,120.0248017,110.3530219,112.8718353,112.9978483,116.0972553,138.5780596,112.7982283,102.0446019,99.00979048,93.85375435,116.44847,100.904919,97.82800714,306261,117792,188469,67422,5273.207376,3706.16344,141.1361463,759.1011634
2018/05,116.4312738,115.985237,111.8548432,120.0664364,119.6758645,111.3271448,113.1845581,115.1622786,115.9945353,148.103605,106.0181334,106.8796047,97.48923402,92.78558411,120.1985515,100.543628,96.84309537,366821,145879,220942,69279,5217.063791,3663.537787,152.7073667,801.0871949
2018/06,116.1782454,115.8879538,111.5566445,119.8898935,120.0678189,110.6443158,113.5762058,113.3984441,117.30237,137.9946397,108.3526594,106.6710957,98.7266604,91.89658411,119.8799831,101.9467035,96.89091554,369101,135987,233114,71716,5331.537183,3632.623692,153.3384741,793.4411786
2018/07,116.8363832,116.5674906,112.1504699,120.8743575,118.2490947,109.694163,113.6090736,113.7283495,116.5866451,138.3395197,109.6573536,105.2240594,101.138393,91.00175179,119.5065294,101.5863986,98.27490898,314818,115212,199606,70814,5347.012007,3513.306661,165.8324452,751.443
2018/08,116.9222581,116.1746567,111.1947674,121.5965108,122.745739,109.6200501,113.0345997,115.1882547,113.5692384,142.1949442,107.950532,107.9852211,101.1794096,91.89741632,126.8828605,103.5554116,98.17614299,391764,148897,242867,73272,5488.831291,3714.629028,157.6854433,766.4391182
2018/09,117.1300312,116.6702796,113.0070562,120.5089977,121.3071152,110.2381135,114.3038024,112.1571066,115.3973478,130.9421477,107.2620164,101.7351623,100.8221214,93.3644034,123.5153361,105.3210133,97.64521259,336630,122432,214198,69424,5314.201596,3649.214173,155.0826174,729.5655092
2018/10,115.6428679,115.4123261,109.8016376,121.089727,118.9742409,112.1208728,113.8437608,113.3902935,117.5901081,137.2199844,107.2678401,109.0597198,98.7511864,92.13375145,122.8967736,104.6431427,98.27085758,388881,156157,232724,70378,5317.561995,3560.564017,153.7130179,739.4476881
2018/11,116.693877,116.0248842,110.9885309,121.1381629,121.5312808,109.1851035,114.1602638,112.4093441,117.0534359,133.665182,100.6489013,105.7055674,100.1379201,91.2344631,126.7008938,101.200806,97.35814563,360968,140072,220896,81517,5137.966419,3557.310176,181.0744753,737.4171521
2018/12,116.9449061,116.2963709,111.8554652,120.5727227,121.3940512,106.5919123,111.7937844,112.0511184,115.5430331,137.0689392,103.0718294,106.8432288,99.35763016,88.41444216,119.9489989,101.3346038,96.13028919,252524,102722,149802,86494,4953.146317,3577.949335,220.9341099,745.5093179
2019/01,117.0499075,116.2082897,111.2046104,120.9063242,127.0887889,107.8538344,112.8205675,112.4974174,116.5399528,132.2161454,115.0810669,103.5773101,99.34845927,96.47664531,124.2505674,109.4839536,97.46183056,350265,129730,220535,68276,4993.787015,3664.068206,162.4501974,707.2162191
2019/02,117.446849,116.6630607,112.6792586,120.7682822,124.1627752,107.9503848,115.0682818,112.3282309,117.4893782,130.8541701,108.6479471,108.1171533,100.489107,92.42826721,121.7021643,96.17748585,96.7517303,328554,131684,196870,61638,4869.459808,3657.518323,135.4653044,730.6433961
2019/03,114.920446,114.7099442,110.1108231,120.6265423,117.464576,107.9640152,114.9133337,113.21739,117.3054131,133.4293907,106.5822844,109.67841,102.2440275,92.94587765,121.8674053,97.18829482,97.29183224,365127,135280,229847,67707,5181.188453,3575.345887,155.4265544,723.4147006
2019/04,117.0270059,116.2500733,112.479753,119.8755153,123.3699487,107.7547156,115.5548035,110.0619213,117.6482189,131.7373344,105.4497643,107.797857,96.35663374,89.71659123,122.4646111,95.81367186,95.6695055,317159,106935,210224,56396,5362.187062,3710.583158,152.9915826,745.6864928
2019/05,117.0980409,116.6003936,112.5461279,120.7905176,121.1557167,107.1756137,116.0526772,113.0360673,118.1707393,131.8475579,101.5098515,104.9509863,109.1789091,89.93195752,123.0503817,96.28491345,98.31329293,368626,129190,239436,61116,5283.928368,3610.525195,167.2145665,741.5023255
2019/06,117.9193011,117.8987091,113.3123012,121.7981188,119.6855336,107.3595543,115.6536381,112.7682225,117.9477366,133.0402596,103.5728849,105.4960541,102.1611398,88.09437838,123.5692721,95.52631347,98.57255035,355970,124630,231340,63936,5221.442682,3609.722516,166.6789213,724.3305579
2019/07,117.6514376,116.6861065,112.5093331,120.9705916,124.7003329,107.2099232,115.5309154,112.9614293,118.4520879,134.2188643,102.2370245,105.1727657,102.6940021,91.52732001,124.6446144,92.94343329,97.50199129,313041,89322,223719,62690,5113.000637,3694.296273,174.7873973,735.1338698
2019/08,117.4255771,116.785544,113.0997039,120.7082819,122.8611055,107.0324795,115.8858995,113.7669417,118.9179857,136.4035421,102.0598314,101.94602,103.3400548,90.9497268,124.6458917,97.06496741,97.60232677,355993,124661,231332,63082,4998.887488,3582.141434,171.5617623,721.8227927
2019/09,118.2884438,117.0174251,112.9129873,121.4555994,127.7235175,106.6562446,117.0597225,114.7391552,117.971652,141.4012803,102.6130054,103.7158998,102.3407391,90.18910876,126.7535847,94.90242741,96.19359805,335022,112767,222255,58027,4872.98987,3653.123762,165.3180702,688.5244416
2019/10,117.3080874,116.2235953,111.3373228,121.035042,128.5693254,105.369089,114.3464091,114.6427583,116.2535663,143.323839,95.81096639,100.8765743,103.522239,89.22450571,125.6444818,92.04450586,98.71696336,328541,105110,223431,62538,5169.65981,3770.473106,163.704364,701.5103828
2019/11,117.9520567,117.0181973,112.4552706,121.3723593,125.4811973,105.6381188,116.2220742,114.0074808,115.1982026,139.0268939,103.1504065,100.5455133,104.4906776,89.37368347,126.3745349,92.73828049,100.8990461,313565,88030,225535,70527,5039.943525,3647.838854,199.3629973,694.7089246
2019/12,117.4001107,116.2979829,111.4270329,121.1416313,124.917533,105.7762228,115.5267012,113.0363497,115.0863548,137.6265181,105.497738,101.6737512,102.4910566,89.69234457,130.7684447,90.61287781,99.33808036,217078,81130,135948,78468,4955.45745,3593.116409,238.6088386,733.446511
2020/01,117.3422601,116.3839702,112.3347087,120.310196,129.0366603,106.0241601,115.6419274,109.9290615,116.5897576,126.7399542,103.3020324,102.8810171,101.4041925,85.97692375,125.2123543,89.18148375,97.25171656,333719,124395,209324,62231,5332.383637,3636.029905,173.8217112,667.1000221
2020/02,116.8091454,116.1935897,111.698102,120.6289029,123.2075873,105.7600585,114.5363178,110.838851,113.0309162,135.6612157,106.7464706,101.1846031,101.608813,86.86526341,126.333861,91.31319019,96.63024631,338506,119737,218769,62513,4861.90361,3439.433437,149.8246266,676.4199621
2020/03,,,,,,105.1216824,113.6772126,104.3604945,104.4231442,136.6106593,117.0845923,98.03966686,100.9395976,81.58991441,106.9006804,70.53041095,75.20459553,274389,99301,175088,48998,4392.234835,3136.302224,162.1098962,644.4047765
2020/04,,,,,,,,,,,,,,,,,,3722,3705,17,18772,2927.693121,2347.349846,129.8500269,
